"from","to","hiking_time_to","hiking_time_back"
1,4,255491,255426
1,5,265097,261888
1,9,281229,274774
2,5,263393,260085
2,6,270061,269934
2,10,242317,241379
3,7,276996,274876
3,12,258350,257731
4,8,255670,255670
4,9,296345,286523
4,14,290885,273745
5,9,314014,307670
5,10,262014,264458
5,15,364125,360052
6,10,263329,263314
6,11,272278,272930
6,16,317381,301130
7,12,258732,260268
7,18,247463,250492
8,13,255735,255735
8,14,312127,294391
8,20,327718,313038
9,14,304054,296911
9,15,336914,340040
9,21,363822,367045
10,15,338048,332783
10,16,302713,285426
10,22,345718,346208
11,16,300911,278471
11,17,261164,262434
11,23,379963,376991
12,18,254832,255842
12,26,258140,258234
13,19,255260,255247
13,20,343588,331109
13,28,330800,311656
14,20,319918,319076
14,21,364615,373349
14,29,371878,384612
15,21,307894,304798
15,22,282769,286919
15,30,275472,281458
16,22,269942,289320
16,23,321434,336879
16,31,282459,297284
17,23,330637,323015
17,24,255263,255484
17,32,341838,330988
18,25,255640,255705
18,26,259468,259822
18,34,295552,295662
19,27,255498,255522
19,28,329460,306069
19,36,317260,294342
20,28,355054,353397
20,29,346688,356754
20,37,354410,365346
21,29,273435,281851
21,30,264607,271826
21,38,268998,275922
22,30,255370,256355
22,31,262512,261998
22,39,249633,250117
23,31,263085,266964
23,32,317446,308867
23,40,248981,253324
24,32,324919,316515
24,33,272626,265799
24,41,358701,352610
25,33,280041,275738
25,34,257851,258378
25,42,347761,338964
26,34,255145,254544
26,43,241371,241203
27,35,256589,255868
27,36,312059,290466
27,45,333706,311224
28,36,281026,277914
28,37,329206,343592
28,46,336172,352932
29,37,282898,280757
29,38,277389,277478
29,47,275825,275658
30,38,256097,255643
30,39,256523,256382
30,48,239582,239987
31,39,256528,257409
31,40,256963,257312
31,49,246640,247314
32,40,289431,298682
32,41,323480,330114
32,50,308724,318781
33,41,355161,354819
33,42,347610,345254
33,51,338594,338188
34,42,314292,305111
34,43,260703,261077
34,52,274176,273785
35,44,255063,256427
35,45,304991,282115
35,54,304044,281125
36,45,300781,298209
36,46,312319,333417
36,55,372215,387914
37,46,259928,260210
37,47,259993,261046
37,56,248868,249416
38,47,256360,256396
38,48,255489,256355
38,57,242210,243158
39,48,255701,256234
39,49,256558,256531
39,58,245015,245613
40,49,256108,256374
40,50,258140,257356
40,59,243051,243517
41,50,312097,316384
41,51,272305,272816
41,60,309511,316448
42,51,319133,323587
42,52,291899,301397
42,61,293946,299485
43,52,258581,258259
43,53,255876,255470
43,62,241354,241609
44,54,293182,266736
44,63,270585,263522
45,54,291648,293037
45,55,374333,387154
45,64,380415,387093
46,55,302359,297660
46,56,272536,272275
46,65,276675,275102
47,56,263075,262807
47,57,256266,256974
47,66,250371,250312
48,57,255980,255743
48,58,256299,255977
48,67,242879,242863
49,58,256010,256380
49,59,256286,256044
49,68,244685,244782
50,59,255642,256404
50,60,257818,258272
50,69,242221,242723
51,60,306947,313654
51,61,310437,312299
51,70,322825,328244
52,61,282109,279398
52,62,262027,262293
52,71,341586,335687
53,62,255623,256079
53,72,313287,312689
54,63,273697,290120
54,64,382050,387596
54,74,292709,292770
55,64,355124,345833
55,65,285123,287700
55,75,297028,299690
56,65,258591,257660
56,66,256314,256744
56,76,250170,249432
57,66,256820,256417
57,67,256199,256245
57,77,244516,244494
58,67,255961,256060
58,68,256385,256127
58,78,243790,243872
59,68,256421,256720
59,69,256490,256303
59,79,245264,245812
60,69,256111,256388
60,70,256889,256228
60,80,242383,243233
61,70,324964,325878
61,71,323847,321192
61,81,381754,379239
62,71,324967,316338
62,72,258594,255022
62,82,280428,280790
63,73,259403,266992
63,74,311167,294119
63,85,331762,318944
64,74,375908,369620
64,75,337090,350583
64,86,381304,389270
65,75,265427,264810
65,76,258718,259102
65,87,260653,261485
66,76,257045,255955
66,77,256412,256638
66,88,246709,246377
67,77,256271,255998
67,78,255989,255988
67,89,241389,241837
68,78,256031,256358
68,79,257677,257490
68,90,246204,246943
69,79,255805,256063
69,80,255962,256313
69,91,242331,242907
70,80,255278,256772
70,81,259480,258474
70,92,238539,240390
71,81,303257,306053
71,82,266990,273942
71,93,306522,312388
72,82,294177,297205
72,83,261542,264747
72,94,257473,261984
73,85,285473,262875
73,103,253422,251735
74,85,278914,283443
74,86,336257,350046
74,104,277303,280488
75,86,278909,272789
75,87,261360,262561
75,105,258504,259863
76,87,260206,260274
76,88,256246,257339
76,106,254719,255633
77,88,256804,256546
77,89,255923,256483
77,107,247177,247543
78,89,255992,256285
78,90,256402,256418
78,108,244315,244828
79,90,256084,256596
79,91,255995,256314
79,109,245371,245863
80,91,256035,256260
80,92,255750,256223
80,110,244414,245285
81,92,255425,257981
81,93,254575,257371
81,111,238452,241347
82,93,317139,315383
82,94,255619,255561
82,112,285361,275392
83,94,255704,255568
83,113,238338,238338
84,96,255212,255284
84,97,255670,255670
84,118,264238,261689
85,103,299768,318701
85,104,275633,274774
85,125,294802,292197
86,104,309396,302733
86,105,269316,274579
86,126,285145,291433
87,105,260996,260380
87,106,257362,258244
87,127,255843,256592
88,106,257618,257392
88,107,256678,257177
88,128,249208,249387
89,107,256541,256083
89,108,255995,256063
89,129,242809,242951
90,108,255903,256296
90,109,256835,256702
90,130,245042,245111
91,109,256195,256185
91,110,256097,256409
91,131,246081,245655
92,110,256032,256095
92,111,255609,255910
92,132,240923,240673
93,111,255623,256173
93,112,288602,279201
93,133,239339,240076
94,112,287144,277770
94,113,255425,255453
94,134,250907,249582
95,116,258988,258689
95,117,256827,255919
95,138,266619,264446
96,117,263067,262100
96,118,271573,270004
96,139,275278,266950
97,118,262341,259277
97,119,268472,266409
97,140,304028,289376
98,119,259422,256933
98,120,273339,265759
98,141,303760,286729
99,120,278871,270286
99,121,274949,266136
99,142,333189,309556
100,121,261889,252640
100,122,263730,255776
100,143,286971,266291
101,122,270052,265161
101,123,265884,253736
101,144,261198,244461
102,123,266754,256217
102,124,266711,254867
102,145,276463,252673
103,124,284171,277402
103,125,298773,282982
103,146,291476,271466
104,125,259223,258004
104,126,331181,345334
104,147,305529,315118
105,126,257126,257940
105,127,257440,258600
105,148,246516,247651
106,127,257956,257470
106,128,256015,256402
106,149,249146,249031
107,128,256316,256309
107,129,255940,256582
107,150,247178,247396
108,129,256252,256274
108,130,256405,256109
108,151,243515,243828
109,130,256224,256516
109,131,256436,255985
109,152,242633,243183
110,131,257233,256385
110,132,256207,256187
110,153,245136,245275
111,132,255931,255685
111,133,255689,255923
111,154,239525,239806
112,133,262534,271965
112,134,279099,288054
112,155,276400,284290
113,134,258310,257939
114,135,256494,256969
114,136,288031,287728
114,157,308491,305361
115,136,265922,267394
115,137,278869,277021
115,158,297422,286752
116,137,288877,286083
116,138,293257,290792
116,159,288161,282394
117,138,288288,285526
117,139,311097,303618
117,160,287314,282407
118,139,293521,287443
118,140,320095,305560
118,161,296853,293337
119,140,308563,296631
119,141,307869,289994
119,162,318600,311482
120,141,343964,332282
120,142,359812,341221
120,163,339433,337641
121,142,329774,309772
121,143,314455,300778
121,164,315711,313460
122,143,290777,275105
122,144,263826,254072
122,165,281889,256747
123,144,259643,253749
123,145,279169,265931
123,166,264896,246496
124,145,287426,273269
124,146,281020,267691
124,167,277148,265762
125,146,259206,260339
125,147,332713,344590
125,168,304132,311236
126,147,299981,292595
126,148,255885,256106
126,169,239436,240308
127,148,257166,257224
127,149,257453,257996
127,170,246501,246942
128,149,257442,257069
128,150,256143,256420
128,171,245252,245611
129,150,256903,256532
129,151,256243,256231
129,172,242664,243145
130,151,256153,256386
130,152,256212,256394
130,173,241659,242030
131,152,255679,256596
131,153,255663,256519
131,174,249832,251058
132,153,255929,256019
132,154,255617,256176
132,175,263021,259223
133,154,255926,256009
133,155,257313,256501
133,176,240405,240657
134,155,283936,285098
134,177,241443,241982
135,156,256977,257323
135,157,296679,293429
135,179,278513,277549
136,157,277056,275069
136,158,306327,296708
136,180,289331,287169
137,158,300102,293387
137,159,297230,292583
137,181,278905,278969
138,159,292854,291143
138,160,289398,284903
138,182,273595,271292
139,160,276991,279076
139,161,274615,277883
139,183,259190,267862
140,161,288911,297420
140,162,285770,290270
140,184,280367,291386
141,162,342471,354682
141,163,302544,309817
141,185,296673,318859
142,163,282033,299414
142,164,296550,310987
142,186,264205,291044
143,164,296017,305411
143,165,286921,279223
143,187,313665,314718
144,165,277102,262446
144,166,267276,253453
144,188,284460,274904
145,166,272338,273020
145,167,258820,262709
145,189,262355,263356
146,167,256267,258834
146,168,319517,329341
146,190,263330,262679
147,168,348334,347077
147,169,287335,294363
147,191,289986,296343
148,169,255547,256192
148,170,255717,256383
148,192,241507,242076
149,170,256559,256836
149,171,256734,257481
149,193,245350,246197
150,171,256312,256222
150,172,255796,256254
150,194,243177,243652
151,172,256043,256153
151,173,255779,255968
151,195,242702,243187
152,173,255931,256153
152,174,255897,255923
152,196,241343,241573
153,174,255910,256025
153,175,263716,260330
153,197,245426,245408
154,175,266446,262210
154,176,255859,255985
154,198,262224,255571
155,176,256194,256930
155,177,268573,267980
155,199,247931,247401
156,178,256475,256499
156,179,264266,260240
156,200,263487,262818
157,179,270155,273366
157,180,267039,267500
157,201,254441,260207
158,180,263553,270542
158,181,257813,266233
158,202,254179,260548
159,181,256645,260017
159,182,266044,268101
159,203,260710,263577
160,182,263675,264708
160,183,258409,264279
160,204,251606,253651
161,183,256500,261498
161,184,259974,260101
161,205,248155,254794
162,184,253641,259450
162,185,252794,262266
162,206,242348,252373
163,185,252120,262608
163,186,269717,274743
163,207,251881,259903
164,186,256000,262330
164,187,285895,282032
164,208,318178,322858
165,187,279551,287470
165,188,265828,271308
165,209,302325,311218
166,188,263182,269411
166,189,255889,262137
166,210,271678,275720
167,189,259822,258597
167,190,265595,263743
167,211,265758,267924
168,190,345394,336935
168,191,334344,343222
168,212,373919,381723
169,191,255966,255790
169,192,255858,255760
169,213,239843,240126
170,192,256096,256021
170,193,256168,256514
170,214,242741,242925
171,193,256065,256208
171,194,256071,256406
171,215,241678,242150
172,194,256050,255888
172,195,255839,255971
172,216,240696,241191
173,195,256009,256039
173,196,256260,256101
173,217,240659,240905
174,196,257000,257101
174,197,257194,256942
174,218,254733,254379
175,197,281341,284653
175,198,306505,303471
175,219,267176,269590
176,198,270454,263566
176,199,256567,255120
176,220,239770,239605
177,199,288188,288217
177,221,238338,238338
178,200,268672,267907
178,222,250047,250087
179,200,254132,257890
179,201,254737,257819
179,223,238822,243014
180,201,256021,261400
180,202,261802,261012
180,224,247207,250882
181,202,261406,259333
181,203,263346,263143
181,225,249125,252646
182,203,258214,260556
182,204,258235,258332
182,226,249278,253853
183,204,258313,254578
183,205,255558,256243
183,227,239319,240774
184,205,252703,258945
184,206,253050,258455
184,228,235794,241980
185,206,255138,256514
185,207,254901,256644
185,229,239519,238648
186,207,252415,259155
186,208,279306,278320
186,230,241403,249384
187,208,288691,299535
187,209,280832,285427
187,231,300140,312640
188,209,283076,292505
188,210,274431,272870
188,232,283800,296477
189,210,276131,274281
189,211,273612,275128
189,233,305024,306067
190,211,291115,294983
190,212,329633,348825
190,234,326474,340288
191,212,256021,255678
191,213,255571,255930
191,235,240009,240146
192,213,255634,255918
192,214,255805,256091
192,236,240154,240147
193,214,256357,256181
193,215,255900,256065
193,237,242812,243070
194,215,256406,256367
194,216,255910,256212
194,238,243259,243587
195,216,256032,256006
195,217,255918,256054
195,239,241723,242008
196,217,255926,256224
196,218,283837,282982
196,240,253366,253811
197,218,264240,263518
197,219,272112,270055
197,241,290474,286419
198,219,287258,292089
198,220,268721,274572
198,242,283350,287524
199,220,255250,256652
199,221,262629,263746
199,243,243240,244595
200,222,273993,271850
200,223,255030,255130
200,244,244046,244553
201,223,254851,255162
201,224,257127,256244
201,245,241460,242417
202,224,258108,261725
202,225,258255,264304
202,246,245364,249540
203,225,260892,263406
203,226,254384,258246
203,247,241675,243514
204,226,253873,259958
204,227,253470,258371
204,248,243006,248974
205,227,255626,255875
205,228,255637,255771
205,249,238986,239079
206,228,255202,256170
206,229,256972,254703
206,250,238271,239621
207,229,260623,260347
207,230,255009,256469
207,251,262019,259540
208,230,256527,264001
208,231,286552,292562
208,252,254316,263977
209,231,278425,289202
209,232,286071,293017
209,253,285114,299882
210,232,273459,289231
210,233,273558,275631
210,254,291212,308802
211,233,310019,312784
211,234,332312,342667
211,255,351320,363413
212,234,302866,300009
212,235,255463,256023
212,256,241480,241581
213,235,255794,255646
213,236,255855,255624
213,257,239594,239617
214,236,256005,255809
214,237,256091,256403
214,258,246221,246413
215,237,255902,255925
215,238,255741,256051
215,259,241571,241961
216,238,256034,256047
216,239,255936,256085
216,260,242382,242599
217,239,255801,255818
217,240,256005,255930
217,261,240021,240091
218,240,263909,264639
218,241,264757,259694
218,262,263696,264322
219,241,280948,278020
219,242,280504,280134
219,263,272468,273312
220,242,258184,256492
220,243,256191,255466
220,264,240796,241411
221,243,256135,254931
221,265,238227,238227
222,244,280592,281682
222,266,266749,265883
223,244,254709,254960
223,245,255596,255720
224,245,255974,257136
224,246,255732,256508
224,267,238921,240501
225,246,257247,256969
225,247,257169,254987
226,247,256767,255011
226,248,256642,255900
226,268,239175,240048
227,248,255533,255966
227,249,255943,255671
227,269,237999,239802
228,249,255831,255681
228,250,255559,255901
228,270,238912,240146
229,250,254068,257646
229,251,265992,265907
229,271,237453,241593
230,251,268716,262776
230,252,255401,256068
230,272,241800,242568
231,252,254938,256624
231,253,255918,255551
231,273,238084,239494
232,253,261968,266911
232,254,267155,270834
232,274,259778,265191
233,254,304638,319786
233,255,348554,355355
233,275,306102,319610
234,255,301903,302756
234,256,298213,305093
234,276,290358,298288
235,256,256046,255537
235,257,255749,255885
235,277,242168,241124
236,257,255741,255957
236,258,259442,259832
236,278,241782,241542
237,258,256981,256387
237,259,255767,255940
237,279,243330,243476
238,259,256116,255993
238,260,256079,256202
238,280,241869,242402
239,260,256118,256092
239,261,255846,255868
239,281,240183,240327
240,261,256044,256157
240,262,259482,258832
240,282,240549,240639
241,262,285238,289347
241,263,277093,281577
241,283,267937,270974
242,263,263404,263475
242,264,255748,258361
242,284,249974,250430
243,264,255327,256344
243,265,269958,270132
243,285,241461,242349
244,266,259179,258539
244,286,238227,238227
245,267,255735,255735
246,267,255059,256244
247,268,254258,256286
248,268,254589,256497
248,269,254901,256327
248,287,237513,239335
249,269,254673,256767
249,270,255054,256505
249,288,238671,239967
250,270,255218,256178
250,271,255410,256161
250,289,238262,239567
251,271,254178,258293
251,272,255536,259614
251,290,241652,246376
252,272,255816,255928
252,273,255836,255503
252,291,238544,238751
253,273,254818,256536
253,274,255236,256337
253,292,237896,239346
254,274,254614,256915
254,275,258967,258438
254,293,238957,241134
255,275,278026,282423
255,276,278125,286064
255,294,269192,275067
256,276,256363,255321
256,277,256252,255814
256,295,246440,244857
257,277,256452,255357
257,278,256008,255507
257,296,241145,241101
258,278,256864,256557
258,279,256792,257587
258,297,253609,254172
259,279,256180,256078
259,280,255843,256018
259,298,241469,241552
260,280,255981,255995
260,281,255986,256028
260,299,241606,242218
261,281,255917,255895
261,282,255973,256092
261,300,241322,241670
262,282,255458,256433
262,283,278255,277218
262,301,252752,253387
263,283,268337,268423
263,284,260512,260175
263,302,264647,262935
264,284,258388,255770
264,285,255793,255801
264,303,256403,254643
265,285,258521,258742
265,304,238227,238227
266,286,256878,257343
268,287,255569,255586
269,287,255470,255783
269,288,256320,255456
269,305,238327,238844
270,288,255857,255632
270,289,255553,255862
270,306,238708,238916
271,289,255589,256107
271,290,255540,255941
271,307,238987,239540
272,290,255791,255632
272,291,255661,255752
272,308,239033,239246
273,291,255436,255987
273,292,255838,255605
273,309,238459,239036
274,292,255638,256022
274,293,255696,255763
274,310,238444,239049
275,293,254586,257295
275,294,255119,256544
275,311,238083,240840
276,294,255902,255560
276,295,257669,257475
276,312,238507,239063
277,295,257959,256589
277,296,255591,256559
277,313,241137,241561
278,296,255739,256126
278,297,256608,257048
278,314,248943,248505
279,297,257858,257200
279,298,256014,256122
279,315,241321,241164
280,298,256107,255947
280,299,255844,256200
280,316,242439,242551
281,299,255811,256150
281,300,255947,256078
281,317,242562,242914
282,300,255963,255928
282,301,263753,263361
282,318,240750,240454
283,301,263537,265228
283,302,267710,266591
283,319,252903,255049
284,302,263667,262135
284,303,256360,256920
284,320,256877,258019
285,303,263453,262272
285,304,255620,255623
285,321,240746,240711
287,305,255250,255027
288,305,254751,256112
288,306,255564,255964
288,322,239757,240267
289,306,255779,255646
289,307,255755,255905
289,323,238994,239386
290,307,255585,255852
290,308,255540,255873
290,324,238843,238976
291,308,255668,255752
291,309,255713,255729
291,325,238484,238702
292,309,255332,256133
292,310,255723,255956
292,326,238351,239092
293,310,255451,256001
293,311,255614,255839
293,327,238238,238934
294,311,254934,256552
294,312,255341,256213
294,328,237897,239683
295,312,256305,257261
295,313,256029,257789
295,329,245523,246599
296,313,256083,255535
296,314,256750,256215
296,330,245227,243396
297,314,257728,257329
297,315,256570,257057
297,331,248166,248092
298,315,256331,256070
298,316,255880,256295
298,332,248322,247525
299,316,256204,256082
299,317,256347,256213
299,333,242591,242630
300,317,255860,256099
300,318,256094,255970
300,334,249015,248463
301,318,256384,256635
301,319,257161,257200
301,335,252931,251029
302,319,259479,262946
302,320,267727,271012
302,336,274202,272061
303,320,260319,260971
303,321,258181,260065
303,337,244079,245903
304,321,255976,255898
305,322,256062,255170
306,322,255624,255699
306,323,255404,255921
306,338,238818,238762
307,323,255694,255928
307,324,255787,255645
307,339,238538,239171
308,324,255835,255626
308,325,255624,255732
308,340,238799,238922
309,325,255576,255751
309,326,255764,255655
309,341,238703,238963
310,326,255576,256033
310,327,255610,255751
310,342,238485,238940
311,327,255454,255921
311,328,255575,255809
311,343,238253,238968
312,328,255228,256187
312,329,256441,256782
312,344,247122,246152
313,329,256271,256199
313,330,258862,258439
313,345,241578,240779
314,330,258969,257105
314,331,259417,259903
314,346,243147,242929
315,331,257530,256470
315,332,258201,258106
315,347,248598,248021
316,332,258552,257100
316,333,256098,256082
316,348,246989,246543
317,333,256083,255957
317,334,259141,258329
317,349,252676,252126
318,334,262416,261357
318,335,259146,256959
318,350,247263,246616
319,335,258563,256353
319,336,269603,263554
319,351,241050,241088
320,336,272627,267079
320,337,257890,258699
320,352,259742,259979
321,337,255358,255298
322,338,255796,255687
322,353,238388,239165
323,338,256014,255463
323,339,255615,256074
323,354,238737,239040
324,339,255341,256176
324,340,255617,255951
324,355,238583,239113
325,340,255718,255735
325,341,255710,255777
325,356,238871,238721
326,341,255575,255925
326,342,255897,255855
326,357,239353,239569
327,342,255591,255866
327,343,255623,255873
327,358,238576,238987
328,343,255476,255960
328,344,256771,255778
328,359,238448,239200
329,344,260866,260578
329,345,260750,260973
329,360,241299,242263
330,345,257037,257590
330,346,256078,257208
330,361,242699,242055
331,346,259650,258646
331,347,257511,258117
331,362,247091,247158
332,347,260699,259871
332,348,258988,259802
332,363,250645,251625
333,348,257066,256365
333,349,257006,256584
333,364,243884,244069
334,349,258188,258528
334,350,262775,262640
334,365,267061,268126
335,350,258443,259647
335,351,264650,266697
335,366,252392,253616
336,351,281830,287356
336,352,258651,264648
336,367,264898,270624
337,352,257267,256881
337,368,239176,239289
338,353,255321,256189
338,354,255234,256084
338,369,238554,239557
339,354,255888,255730
339,355,255858,255575
339,370,240038,239229
340,355,255590,255807
340,356,255821,255613
340,371,239357,238959
341,356,255838,255579
341,357,255763,255688
341,372,239079,238962
342,357,255654,255971
342,358,255642,255767
342,373,238732,239105
343,358,255626,255776
343,359,255556,255790
343,374,244256,242118
344,359,255071,256322
344,360,259183,259704
344,375,248853,249594
345,360,255466,257406
345,361,257038,255606
345,376,249173,251558
346,361,257095,255128
346,362,257406,258376
346,377,242187,242550
347,362,257828,257636
347,363,256257,257748
347,378,249448,250229
348,363,256881,257124
348,364,257443,258414
348,379,260583,260597
349,364,257344,257774
349,365,261237,261279
349,380,250211,251898
350,365,261310,262120
350,366,267025,266695
350,381,253294,253081
351,366,259476,258661
351,367,256221,256509
351,382,246267,245730
352,367,257107,257136
352,368,255976,256375
352,383,240789,241321
353,369,255704,255827
354,369,255639,255780
354,370,256358,255448
354,384,238647,238807
355,370,256267,255498
355,371,256279,255586
355,385,242095,241162
356,371,255919,255652
356,372,255665,255798
356,386,239397,239229
357,372,255760,255710
357,373,255829,255854
357,387,245245,244704
358,373,255644,255861
358,374,260060,257353
358,388,242873,240243
359,374,257777,255054
359,375,255838,255663
359,389,239434,239085
360,375,255817,255867
360,376,256029,255587
360,390,239954,240041
361,376,255711,258020
361,377,254888,257051
361,391,240605,241924
362,377,257420,256916
362,378,257676,258844
362,392,246975,246829
363,378,256548,256113
363,379,263064,263562
363,393,255029,254506
364,379,265585,264735
364,380,256179,256561
364,394,258471,258825
365,380,259281,259894
365,381,266274,265454
365,395,253319,254628
366,381,266393,266985
366,382,258939,259163
366,396,266890,266515
367,382,258082,257063
367,383,255637,256341
367,397,243354,243479
368,383,255781,255781
369,384,255645,255659
370,384,255410,256455
370,385,256090,255839
370,398,241667,241792
371,385,256187,255865
371,386,255776,255942
371,399,245789,245463
372,386,255843,255610
372,387,256237,255360
372,400,244237,242719
373,387,256466,255521
373,388,258021,254712
373,401,244501,242674
374,388,258597,258661
374,389,258740,261232
374,402,249387,249518
375,389,255854,255763
375,390,255984,255759
375,403,239692,239070
376,390,260730,260689
376,391,256988,255630
376,404,253646,251558
377,391,256390,255841
377,392,257162,256578
377,405,242352,241762
378,392,259107,257400
378,393,258314,257589
378,406,244955,242780
379,393,267224,265509
379,394,258328,259617
379,407,266814,266513
380,394,260282,259382
380,395,257210,256582
380,408,243338,243346
381,395,259343,260667
381,396,264495,263446
381,409,257940,257577
382,396,258553,257532
382,397,258097,258938
382,410,257806,257732
383,397,256045,255578
383,411,238227,238227
384,398,256662,255938
384,412,238227,238227
385,398,255837,256398
385,399,256257,256265
385,413,241331,241693
386,399,256195,255731
386,400,258780,257829
386,414,246743,244526
387,400,257051,256467
387,401,257228,256486
387,415,248350,248225
388,401,256604,258021
388,402,257283,257847
388,416,243987,245704
389,402,257551,254843
389,403,255962,255463
389,417,247787,245485
390,403,255997,255638
390,404,259256,257859
390,418,243225,242472
391,404,260177,258570
391,405,256075,255930
391,419,242261,241878
392,405,256419,256185
392,406,257486,256482
392,420,243754,244094
393,406,259453,257254
393,407,259958,260546
393,421,254454,255005
394,407,264870,263004
394,408,259171,259648
394,422,262031,261872
395,408,256864,257077
395,409,266225,264197
395,423,252545,251267
396,409,258239,258680
396,410,264369,265097
396,424,256652,256953
397,410,258312,257230
397,411,255420,255859
397,425,250674,250958
398,412,257650,257888
398,413,256761,256764
398,426,239616,240198
399,413,255863,256299
399,414,257959,256206
399,427,252366,251603
400,414,259255,257123
400,415,263428,262776
400,428,261819,261606
401,415,257942,257571
401,416,257203,256342
401,429,249738,249373
402,416,255757,256283
402,417,256938,255388
402,430,240429,240825
403,417,258632,255625
403,418,257413,256538
403,431,245805,244085
404,418,257443,258714
404,419,257508,257643
404,432,243177,242298
405,419,256477,255753
405,420,256843,256908
405,433,240501,241302
406,420,257825,258940
406,421,257577,259439
406,434,244018,246160
407,421,258076,258149
407,422,259668,259399
407,435,251549,252108
408,422,262151,260123
408,423,260205,258594
408,436,245871,245636
409,423,267508,267924
409,424,263457,263534
409,437,267322,268217
410,424,277795,277730
410,425,259703,260116
410,438,266954,266088
411,425,256622,256100
411,439,238227,238227
412,426,255735,255735
413,426,255739,256448
413,427,259557,258500
413,440,244595,245309
414,427,257896,258692
414,428,258489,259527
414,441,264999,264901
415,428,275795,275923
415,429,261196,261807
415,442,268607,265239
416,429,257394,257694
416,430,256201,256100
416,443,243988,243532
417,430,255264,257221
417,431,258446,259345
417,444,240278,241858
418,431,260527,259318
418,432,259022,257642
418,445,259335,258372
419,432,256830,256039
419,433,255060,256586
419,446,242283,242932
420,433,256033,256848
420,434,256409,257036
420,447,242652,243233
421,434,256729,256383
421,435,258921,258777
421,448,254731,255225
422,435,258332,258450
422,436,261451,263753
422,449,250046,251684
423,436,257542,257930
423,437,266753,265521
423,450,261840,263252
424,437,271609,272066
424,438,267918,267343
424,451,260833,262492
425,438,264016,262434
425,439,256011,256638
425,452,261556,261768
426,440,255319,255252
427,440,260886,262606
427,441,270585,269556
427,453,257041,258670
428,441,267696,265462
428,442,275409,272055
428,454,277968,274507
429,442,278099,274934
429,443,258164,257559
429,455,263181,260290
430,443,256406,256080
430,444,256069,256185
430,456,240924,241679
431,444,257592,258802
431,445,260366,261460
431,457,248845,249128
432,445,258328,259076
432,446,255826,257515
432,458,243039,244410
433,446,256298,255508
433,447,255992,255799
433,459,240236,240091
434,447,256240,256211
434,448,257898,258580
434,460,247739,248057
435,448,259956,259984
435,449,257410,258607
435,461,259240,260011
436,449,257985,257959
436,450,257130,258044
436,462,248166,248833
437,450,266909,269439
437,451,270007,270220
437,463,279390,280915
438,451,259424,260535
438,452,264958,266823
438,464,264572,266251
439,452,255755,255553
440,453,255403,255447
441,453,263567,266346
441,454,278192,275805
441,465,287472,282894
442,454,268964,267506
442,455,266786,267379
442,466,267602,266088
443,455,263398,261507
443,456,255935,257183
443,467,245210,244231
444,456,255641,256373
444,457,257534,255419
444,468,244157,243269
445,457,259319,258948
445,458,257811,258513
445,469,258347,256000
446,458,255551,256430
446,459,255646,256319
446,470,240173,240753
447,459,256053,256129
447,460,257003,256512
447,471,243516,243920
448,460,261774,260406
448,461,260266,260495
448,472,253923,254585
449,461,256911,256318
449,462,256215,256866
449,473,252640,252417
450,462,259001,259158
450,463,265134,265211
450,474,243312,243931
451,463,259666,260180
451,464,259798,260817
451,475,253420,255063
452,464,261534,261023
452,476,238622,238824
453,465,268728,262837
454,465,271144,268723
454,466,264310,264123
454,477,276524,277252
455,466,268063,265678
455,467,269606,272535
455,478,279838,276878
456,467,257619,256074
456,468,257037,255496
456,479,243554,242786
457,468,255693,257052
457,469,257590,256953
457,480,244989,243966
458,469,258598,255861
458,470,255547,255859
458,481,246135,243571
459,470,255748,256227
459,471,255651,256167
459,482,241166,242000
460,471,258947,260162
460,472,258973,259935
460,483,251961,253479
461,472,259220,258939
461,473,257101,257419
461,484,258423,259280
462,473,261292,260082
462,474,255975,256422
462,485,247063,247013
463,474,257758,258685
463,475,258967,260012
463,486,245104,246368
464,475,258154,258671
464,476,255613,256300
465,477,291109,293532
465,487,243601,248446
466,477,287196,288068
466,478,267185,265741
466,488,264648,267780
467,478,265140,260005
467,479,258268,258800
467,489,248628,247961
468,479,256694,257211
468,480,257452,255001
468,490,245806,243669
469,480,257158,256788
469,481,262516,262722
469,491,252057,250145
470,481,260484,257357
470,482,255588,255905
470,492,242602,242368
471,482,255662,255949
471,483,255778,256145
471,493,241722,240500
472,483,257050,257745
472,484,266891,268410
472,494,245063,245709
473,484,259670,259722
473,485,257812,259161
473,495,253318,254056
474,485,255888,255655
474,486,254804,255002
474,496,239949,239920
475,486,255429,255522
475,497,238867,238894
477,487,278273,279559
477,488,260026,261132
478,488,291684,296018
478,489,258734,262930
478,498,285392,289619
479,489,257856,256458
479,490,258075,255465
479,499,247439,246248
480,490,257707,257709
480,491,258741,257816
480,500,258593,258131
481,491,260263,258539
481,492,259359,261643
481,501,255129,255474
482,492,256408,255313
482,493,258010,256588
482,502,240989,240245
483,493,257299,255714
483,494,256588,256366
483,503,246038,246225
484,494,259916,259388
484,495,257593,258232
484,504,248691,249210
485,495,256376,255835
485,496,255413,255592
485,505,243358,243010
486,496,255543,255595
486,497,255365,255228
488,498,264769,264226
489,498,273974,273336
489,499,259101,259302
489,506,262700,258495
490,499,256885,257791
490,500,259749,259630
490,507,256123,254281
491,500,259569,260467
491,501,264788,266570
491,508,250554,253343
492,501,270214,266223
492,502,256784,256937
492,509,276872,275363
493,502,257192,257646
493,503,257108,258458
493,510,251284,251722
494,503,256468,256105
494,504,257157,257870
494,511,244522,244780
495,504,257196,256916
495,505,256234,256519
495,512,252719,252473
496,505,256154,255626
496,513,241625,241404
498,506,283223,279282
498,514,250467,250727
499,506,270776,266530
499,507,271891,269289
499,515,268243,266132
500,507,261866,259313
500,508,260371,261689
500,516,256955,256796
501,508,256500,258778
501,509,265750,268192
501,517,255241,254994
502,509,258530,256757
502,510,256908,256564
502,518,246587,243486
503,510,257334,256137
503,511,256505,256059
503,519,250603,249550
504,511,257913,256617
504,512,257817,257242
504,520,247014,246609
505,512,258221,256852
505,513,256060,256320
505,521,245939,246171
506,514,294981,299364
506,515,274288,278281
506,522,300020,302802
507,515,265984,266520
507,516,260904,263193
507,523,258162,259224
508,516,257528,255772
508,517,260432,257694
508,524,249244,250992
509,517,265436,262392
509,518,258188,256672
509,525,246673,245629
510,518,259559,256621
510,519,258714,258032
510,526,247064,244263
511,519,258062,256669
511,520,256710,257292
511,527,246566,247567
512,520,260392,259992
512,521,255977,257203
512,528,266286,267410
513,521,256549,256149
513,529,240855,241091
514,522,282107,279735
514,530,238227,238227
515,522,290394,288971
515,523,262612,264419
515,531,274776,273573
516,523,258379,258644
516,524,255682,258081
516,532,259037,258696
517,524,254716,258140
517,525,255224,256527
517,533,242806,246134
518,525,255691,256092
518,526,257749,258733
518,534,243336,245894
519,526,260436,258636
519,527,256367,257954
519,535,252787,252283
520,527,258295,257850
520,528,262899,264529
520,536,245848,246182
521,528,256376,256580
521,529,255549,256144
521,537,241602,242046
522,530,275087,276639
522,531,282015,282460
522,538,301654,300178
523,531,274934,272576
523,532,260607,260013
523,539,281475,280749
524,532,260732,258036
524,533,256195,256151
524,540,254628,251464
525,533,255216,257349
525,534,255081,257433
525,541,242326,244777
526,534,256950,258534
526,535,258718,259103
526,542,250630,250840
527,535,258814,256356
527,536,258252,258322
527,543,250610,251812
528,536,258512,256828
528,537,255142,255303
528,544,245517,245493
529,537,255556,255408
530,538,270700,265668
531,538,296743,295255
531,539,304521,306389
531,545,298497,299675
532,539,290278,290360
532,540,263933,263266
532,546,280849,280797
533,540,258934,256637
533,541,255470,256071
533,547,247606,246606
534,541,257270,257261
534,542,258532,256924
534,548,257377,255655
535,542,258983,257830
535,543,255116,258219
535,549,249249,249172
536,543,258519,259419
536,544,255918,257532
536,550,247593,247906
537,544,256665,256297
537,551,241894,242085
538,545,280915,282658
538,552,266067,270928
539,545,307654,306941
539,546,297464,296908
539,553,286724,289912
540,546,286649,287211
540,547,258597,260190
540,554,274673,276138
541,547,260288,258181
541,548,266648,265111
541,555,274967,271446
542,548,260776,260791
542,549,256342,258068
542,556,241561,242875
543,549,257872,255366
543,550,257153,257603
543,557,245616,243886
544,550,256995,256399
544,551,256305,256822
544,558,248387,247337
545,552,269175,272797
545,553,290360,294216
545,559,281966,285876
546,553,295204,296845
546,554,281829,284158
546,560,285894,289032
547,554,265331,266316
547,555,264504,262647
547,561,265464,264984
548,555,262022,258469
548,556,257030,258864
548,562,255896,255667
549,556,257545,257569
549,557,256985,257441
549,563,253239,253075
550,557,258804,255707
550,558,256496,255906
550,564,250340,247771
551,558,256812,255272
551,565,238227,238227
552,559,255670,255670
553,559,266973,268193
553,560,265526,265460
553,566,252715,253753
554,560,285218,286788
554,561,277127,276445
554,567,271589,274476
555,561,261847,264086
555,562,267025,269427
555,568,264483,268603
556,562,266643,264737
556,563,257273,257184
556,569,249983,250087
557,563,257854,257387
557,564,257661,258462
557,570,249518,247667
558,564,260607,258757
558,565,255358,256924
558,571,250816,248480
559,566,255625,255625
560,566,256232,257481
560,567,271620,272850
561,567,268774,273362
561,568,280181,283099
561,572,266308,270518
562,568,257230,260606
562,569,257245,258131
562,573,244765,247674
563,569,256229,255709
563,570,258689,257590
563,574,243845,243092
564,570,261746,260252
564,571,255921,256745
564,575,251761,252541
565,571,256839,254910
565,576,238227,238227
567,572,256000,256187
568,572,257942,259039
568,573,258295,257943
568,577,252022,253255
569,573,255445,257541
569,574,257746,257520
569,578,246313,249014
570,574,263028,263064
570,575,257478,259960
570,579,250048,252394
571,575,259966,260744
571,576,256558,258441
571,580,251418,253033
572,577,255670,255670
573,577,256606,258592
573,578,256132,256496
573,581,245149,247280
574,578,257692,260320
574,579,258955,261129
574,582,248908,246479
575,579,264917,264250
575,580,255229,256589
575,583,240841,242090
576,580,255670,255670
577,581,255625,255625
578,581,255515,257194
578,582,260700,255715
578,584,248821,250761
579,582,265138,261021
579,583,255241,256940
579,585,250327,249660
580,583,255414,254912
581,584,255233,255524
582,584,262329,268125
582,585,259280,262880
582,586,258125,264239
583,585,260649,258636
583,587,239108,239608
584,586,253721,253481
585,586,263846,266620
585,587,255409,258467
585,588,246019,248886
586,588,255381,255197
587,588,255670,255670
